{"assets/images/blinkit.png":["assets/images/blinkit.png"],"assets/images/blinkit_logo.png":["assets/images/blinkit_logo.png"],"assets/images/logo/blinkit.png":["assets/images/logo/blinkit.png"],"assets/images/logo/swiggy.jpg":["assets/images/logo/swiggy.jpg"],"assets/images/logo/zepto.png":["assets/images/logo/zepto.png"],"assets/images/swiggy.jpg":["assets/images/swiggy.jpg"],"assets/images/swiggy_instamart_logo.png":["assets/images/swiggy_instamart_logo.png"],"assets/images/zepto.png":["assets/images/zepto.png"],"assets/images/zepto_logo.png":["assets/images/zepto_logo.png"],"packages/cupertino_icons/assets/CupertinoIcons.ttf":["packages/cupertino_icons/assets/CupertinoIcons.ttf"]}